lng,lat
128.891766,37.743791
128.890913,37.741743
128.912929,37.776219
128.911915,37.756522
128.913594,37.785999
128.899206,37.744483
128.825875,37.878315
128.975055,37.737293
128.901945,37.744867
128.884001,37.751085
128.904976,37.763594
128.826669,37.876066
128.822481,37.892034
128.839951,37.868566
128.914143,37.785454
128.916792,37.764602
128.898695,37.744468
128.913502,37.771178
128.914745,37.771619
128.917883,37.783956
128.901206,37.76902
128.913416,37.776179
128.915309,37.770434
128.829329,37.882156
128.900883,37.745191
128.892774,37.743639
128.914761,37.784863
128.898017,37.744627
128.912277,37.761997
128.899392,37.801966
128.915487,37.760954
128.900971,37.759949
128.934952,37.77811
128.895943,37.743958
128.901336,37.757297
128.934991,37.775812
128.909044,37.775078
128.822966,37.883462
128.899259,37.747888
128.907471,37.759727
128.902359,37.750874
128.888323,37.763297
128.819287,37.905427
128.828021,37.881147
128.907906,37.760913
128.90824,37.762289
128.908521,37.76208
128.8241497,37.88452311
128.907021,37.759064
128.891318,37.746164
128.911573,37.768463
128.907821,37.772582
128.915494,37.768838
128.908538,37.761566
128.9039652,37.76180506
128.919434,37.768996
128.829174,37.881535
128.893992,37.767579
128.905353,37.745165
128.826725,37.882147
128.905596,37.769779
129.029278,37.59876
128.906668,37.753391
128.892486,37.765924
128.91141,37.769023
128.888394,37.764486
128.931087,37.776771
128.905904,37.76247
128.907828,37.771294
128.90954,37.763676
129.032943,37.609135
128.903991,37.771251
128.911975,37.777136
128.894152,37.745008
128.906857,37.754966
128.909881,37.764646
128.910034,37.754887
128.908883,37.762888
128.909686,37.76636
128.903869,37.766819
128.907226,37.754485
128.910453,37.755758
128.908446,37.763342
129.036168,37.610602
128.896892,37.752033
128.910739,37.774434
128.907266,37.770766
128.880153,37.755763
128.909112,37.764004
128.935005,37.776064
128.90097,37.768256
128.840619,37.868291
128.914036,37.766624
128.897117,37.771574
128.91023,37.755201
128.819475,37.707644
128.894165,37.76874
128.908575,37.770153
128.890806,37.742285
128.887831,37.762995
128.89704,37.746454
128.9161918,37.78391877
128.912818,37.759857
128.877445,37.740808
128.936114,37.775758
128.910541,37.772246
128.825375,37.901681
128.985281,37.730685
128.910372,37.775995
128.910529,37.754577
128.910783,37.753962
128.906422,37.77508
128.904185,37.767619
128.901891,37.745949
128.894357,37.744141
128.87888,37.741248
128.878233,37.755579
128.909327,37.766687
128.913263,37.774829
128.914896,37.77742
128.910978,37.776414
128.905936,37.767821
128.916162,37.780708
128.914977,37.769265
128.910978,37.776414
128.913226,37.766278
128.909532,37.764937
128.890402,37.766318
128.895481,37.768694
128.910235,37.770392
128.91541,37.763856
128.892971,37.768497
128.912013,37.769126
128.890251,37.745235
128.901354,37.770001
128.905949,37.760532
128.912069,37.759863
128.894737,37.76906
128.824066,37.880193
128.8212354,37.88802744
128.823566,37.87816
128.824654,37.905417
128.838099,37.870624
128.920677,37.769437
128.902921,37.76916
128.893663,37.769465
128.821395,37.881266
128.911549,37.755362
128.904666,37.767966
128.920388,37.769917
128.885635,37.759695
128.933257,37.778763
128.889311,37.745333
128.905274,37.750761
128.889552,37.764495
128.921582,37.770088
128.927196,37.77517
128.916581,37.760342
128.885002,37.749356
128.826556,37.878193
128.911462,37.755714
128.876258,37.7432
128.866086,37.738963
128.890068,37.761425
128.831799,37.899955
128.903773,37.781149
128.470942,38.37725
128.465815,38.37737
128.44937,38.438589
128.47907,38.379262
128.46366,38.378621
128.554666,38.268157
128.454959,38.434892
128.450548,38.445747
128.463404,38.377893
129.1025102,37.5475551
129.1099091,37.4810415
129.0938729,37.4874632
129.0998976,37.5409561
129.1005582,37.5404074
129.1030714,37.4927587
129.1004217,37.5398951
129.1024811,37.5278272
129.1055386,37.4871447
129.1055386,37.4871447
129.1058573,37.5502161
129.1094979,37.4904676
129.1013225,37.5400571
129.1046973,37.5443846
129.1102678,37.4975122
129.1102678,37.4975122
129.1087828,37.5383771
129.1121623,37.5215905
129.1017049,37.5374351
129.0553361,37.4931111
129.1250187,37.4805589
129.1186236,37.4800934
129.1119072,37.5204837
129.1215798,37.4939811
129.1223852,37.5109967
129.1053255,37.5365785
129.1061702,37.5383015
129.1086245,37.5165185
129.1080222,37.5161808
129.1073654,37.5160545
129.0643481,37.4860408
129.0573147,37.4950179
129.0496332,37.4590031
129.1120888,37.5322594
129.1003111,37.5375264
129.0992549,37.4882927
129.1024226,37.5366129
129.0985709,37.4879873
129.0993131,37.5396063
129.0988987,37.5397426
129.1017081,37.5367286
129.1128355,37.5242638
129.0988484,37.5402467
129.1059498,37.5378585
129.1076765,37.5054194
129.1234065,37.4828314
129.1109165,37.4782921
129.1102691,37.4782359
129.1114311,37.4795225
129.1091038,37.5407185
129.1075727,37.5242637
129.1278704,37.4839566
129.1131408,37.5209767
129.1220837,37.4809454
129.1097521,37.5193344
129.1041406,37.5209081
129.1041406,38.5209081
129.1041406,39.5209081
129.1056934,37.5165063
129.1056934,37.5165063
129.1006275,37.5281842
129.1169533,37.4686421
129.1062791,37.5264519
129.1150358,37.5318568
129.1117534,37.5330672
129.1169533,37.4686421
129.0945364,37.4873688
129.1070765,37.5259029
129.1088679,37.5267763
129.099258,37.528321
129.1106581,37.5275587
129.1057797,37.5190617
129.1299716,37.4818091
129.1088166,37.4871428
129.1096067,37.4871183
129.178328,37.43442
129.164846,37.44131
129.165649,37.441393
129.165215,37.441935
129.164884,37.443604
129.164941,37.443621
129.165907,37.446936
129.165875,37.442874
129.164789,37.44361
129.16849,37.443063
129.168435,37.443036
129.168888,37.443122
129.165394,37.440437
129.165895,37.442494
129.169157,37.442984
129.175925,37.435681
129.166708,37.446856
129.043793,37.232307
129.049354,37.24245
129.045278,37.236971
129.171685,37.443846
129.163785,37.442019
129.171909,37.444096
129.166295,37.440634
129.04175,37.227144
129.042241,37.220247
129.172131,37.444576
129.169039,37.442709
129.17028,37.449082
129.171003,37.442497
129.171531,37.44306
129.171673,37.443482
129.056015,37.226261
129.050826,37.230758
129.05756,37.254595
129.058408,37.223798
129.045018,37.241848
129.337329,37.175302
129.163239,37.44103
129.169932,37.442652
129.178261,37.439848
129.171762,37.442634
129.172029,37.443073
129.170887,37.442432
129.051155,37.22926
129.176969,37.441032
129.172492,37.443086
129.085215,37.209994
129.047031,37.235802
129.178261,37.439848
129.169412,37.442657
129.057593,37.260164
129.040001,37.228628
129.315029,37.283896
129.170353,37.442587
129.171157,37.442907
129.170781,37.442049
129.04637,37.236132
129.04637,37.236132
129.168854,37.448213
129.168166,37.438858
129.169981,37.44294
129.046902,37.239552
129.165401,37.443548
129.170355,37.44372
129.057933,37.260269
129.169391,37.443531
129.167292,37.44148
129.166829,37.44152
129.169457,37.446261
129.177889,37.439915
129.1673,37.441281
129.049168,37.237919
129.041423,37.214802
129.165907,37.435267
129.155134,37.441617
129.170408,37.446405
129.32764,37.178213
129.162203,37.444918
129.170472,37.443268
129.151379,37.439158
129.171048,37.443236
129.160144,37.444019
129.169385,37.446045
129.169385,37.446045
129.062801,37.278607
129.163135,37.44453
129.344227,37.242992
129.167116,37.441833
129.163492,37.450064
129.154711,37.450127
129.227653,37.379561
129.170429,37.442364
129.153004,37.439007
129.0997018,37.5295525
129.1010991,37.4893559
129.1035326,37.5347707
129.1055386,37.4871447
129.1055386,37.4871447
129.1208177,37.5135084
129.1239352,37.4945732
129.1082399,37.4974732
129.1089371,37.4962863
129.1136497,37.5596884
129.1101084,37.5497842
129.1242869,37.5116184
129.1178899,37.5171168
129.1050812,37.5361231
129.1069522,37.4853151
129.1138611,37.5332879
129.1055386,37.4871447
129.1029771,37.5577361
129.1150388,37.5593293
129.1121419,37.5228837
129.1031248,37.5535511
129.0999649,37.5401453
129.1074039,37.5380214
129.1072498,37.5376246
129.1078463,37.5389354
129.0995982,37.5465389
129.1089754,37.5373211
129.0604022,37.4682438
129.0946418,37.5505015
129.119774,37.479455
129.1026851,37.5428285
129.1027242,37.5430326
129.1026308,37.5423721
129.1034764,37.5447015
129.1192271,37.4793931
129.0998081,37.5387934
129.1057541,37.5380864
128.899038,37.768099
128.88099,37.734511
128.900471,37.768287
128.8402637,37.86814372
128.938433,37.774244
128.880788,37.744261
128.883479,37.751071
128.898062,37.771828
128.91383,37.783979
128.913851,37.782906
128.882974,37.744867
128.873129,37.778079
128.8982634,37.74933573
128.919704,37.757768
128.912797,37.756317
128.892388,37.742651
128.911123,37.752077
128.874857,37.761866
128.824179,37.871984
128.883499,37.769938
128.880139,37.763223
128.88334,37.765191
128.884492,37.768534
128.838669,37.867782
128.892697,37.741946
128.82829,37.874676
128.913836,37.761408
128.874509,37.760283
128.915421,37.760162
128.882656,37.763953
128.884715,37.768217
128.878627,37.763037
128.8762317,37.76194012
128.937886,37.775852
128.9384675,37.77563414
128.913367,37.785063
128.883754,37.753222
128.841815,37.869552
128.841861,37.868588
128.920665,37.755679
128.879309,37.743966
128.895312,37.770633
128.934082,37.778441
128.915201,37.782842
128.881501,37.750797
128.918713,37.753829
128.818392,37.903613
128.840294,37.870735
128.892069,37.746375
128.90348,37.751622
128.887884,37.76626539
128.8897851,37.76676821
128.891179,37.743066
128.913294,37.768098
128.909426,37.749774
128.824635,37.879243
128.824635,37.879243
128.883376,37.750062
128.868182,37.755897
129.161794,37.446219
129.334279,37.174768
129.170121,37.447588
129.333171,37.176403
129.04652,37.237176
129.17215,37.438557
129.331151,37.190933
129.336643,37.237906
129.163962,37.448297
129.334948,37.237682
129.170885,37.450896
129.335604,37.177078
129.161794,37.446219
129.333663,37.178785
129.146213,37.436091
129.332124,37.177703
129.162413,37.448023
129.336445,37.196949
129.056443,37.235097
129.162415,37.448024
129.166851,37.438828
129.170333,37.432376
129.155542,37.450265
129.175507,37.452795
128.322166,38.095147
128.5833119,38.20371043
128.572105,38.200457
128.343144,38.120591
128.575238,38.20188
128.591518,38.216486
128.599207,38.187876
128.574741,38.201387
128.572333,38.188301
128.588036,38.211031
128.599474,38.185849
128.57135,38.201401
128.58763,38.223773
128.583216,38.203421
128.591362,38.213446
128.604216,38.187674
128.5995885,38.18669493
128.5926006,38.21547912
128.573659,38.200117
128.595222,38.214097
128.579604,38.207313
128.581586,38.204353
128.5810342,38.20650124
128.6009956,38.2125904
128.575768,38.202035
128.572593,38.207293
128.57631,38.207879
128.5747992,38.2066319
128.582063,38.206529
128.578079,38.208384
128.576162,38.201554
128.580194,38.209776
128.574894,38.209776
128.579362,38.209055
128.580162,38.205686
128.565947,38.203453
128.5770862,38.20193857
128.581614,38.187378
128.584158,38.188641
128.581319,38.188513
128.565986,38.201989
128.5746346,38.18881953
128.579726,38.189597
128.574139,38.208028
128.584035,38.211348
128.575908,38.206301
128.576276,38.208797
128.593751,38.184967
128.573376,38.197204
128.593778,38.186288
128.5721084,38.2065851
128.585734,38.188502
128.585968,38.187789
128.5709554,38.20541866
128.598317,38.184777
128.592382,38.214978
128.575698,38.194392
128.568404,38.194392
128.582071,38.209833
128.570737,38.206463
128.5754715,38.18528069
128.571442,38.18833263
128.582416,38.211208
128.571542,38.188828
128.590015,38.185036
128.588174,38.203278
128.582794,38.202292
128.5866626,38.22217153
128.584612,38.184509
128.591438,38.186313
128.59719,38.188426
128.585243,38.211953
128.599448,38.192983
128.589521,38.215069
128.588141,38.208439
128.5869619,38.21008936
128.585945,38.210558
128.588134,38.206226
128.582533,38.206322
128.582894,38.206272
128.580773,38.207921
128.583284,38.207921
128.582609,38.207564
128.578733,38.201771
128.575445,38.201771
128.575445,38.203568
128.577627,38.202313
128.577827,38.202014
128.574026,38.200676
128.579936,38.192205
128.600373,38.190793
128.573866,38.187588
128.603777,38.188125
128.537507,38.164313
128.585226,38.226314
128.538417,38.164276
128.591097,38.213531
128.588365,38.208735
128.588141,38.208439
128.583373,38.211958
128.583563,38.208994
128.585029,38.203147
128.585085,38.203003
128.575835,38.200867
128.575894,38.200934
128.573356,38.201473
128.5745913,38.20567622
128.574571,38.205548
128.574572,38.205444
128.574588,38.204831
128.574604,38.204683
128.574809,38.204648
128.575089,38.204648
128.575042,38.204583
128.575216,38.204543
128.575148,38.204471
128.575294,38.204408
128.5746239,38.20485784
128.575562,38.204251
129.165233,37.441374
129.180022,37.438993
129.17826,37.439758
129.046397,37.236447
129.162958,37.466661
129.169798,37.444978
129.169557,37.438889
129.160973,37.44429
129.343051,37.23386
129.170974,37.444984
129.154864,37.450504
129.154968,37.450629
129.179048,37.433839
129.337071,37.175971
129.170501,37.437844
129.169467,37.444783
129.170862,37.443625
129.150047,37.438549
129.166573,37.44181
129.178835,37.439707
129.179253,37.439658
129.170312,37.442054
129.166005,37.440844
129.17923,37.44829
129.169396,37.444531
129.168958,37.443301
129.165907,37.435267
129.334662,37.174773
129.169836,37.445942
129.166632,37.435105
129.170206,37.433414
129.167158,37.444527
129.164368,37.447555
129.317975,37.286772
129.156339,37.43838
129.168646,37.445719
129.165028,37.435447
129.169005,37.441949
129.163424,37.450033
129.170554,37.433293
129.343191,37.236021
129.176006,37.441601
129.164806,37.447334
129.15714,37.455195
129.179255,37.447722
129.166328,37.440583
129.169375,37.443225
129.167431,37.440974
129.1563798,37.43841477
129.170379,37.432898
129.157499,37.454993
129.167224,37.440778
129.179089,37.43711
129.167314,37.439984
129.34495,37.236749
129.22763,37.380922
129.169765,37.446447
129.160276,37.447469
129.339647,37.194755
129.182268,37.435934
129.164867,37.435232
129.161402,37.444295
129.165504,37.455839
129.17003,37.446102
129.182253,37.434997
129.172351,37.442727
129.169144,37.450138
129.342704,37.235891
129.336326,37.173988
129.192237,37.441825
129.169327,37.431422
129.333185,37.175925
129.164945,37.444152
129.177428,37.447254
129.152073,37.440205
129.175925,37.435681
129.333185,37.175925
129.175691,37.449641
129.179571,37.442628
129.164886,37.444504
129.187445,37.423168
129.156315,37.455211
129.156522,37.455176
129.17591,37.447035
129.333639,37.176251
129.048044,37.236532
129.17006,37.444354
129.175199,37.443483
129.161713,37.443202
129.16729,37.443561
129.174087,37.448963
129.152746,37.435441
129.152746,37.435441
129.152746,37.435441
129.047639,37.236581
129.165685,37.464661
129.176935,37.434545
129.17452,37.44485
129.176255,37.451005
129.042432,37.221831
129.147568,37.436771
129.165685,37.464661
129.165685,37.464661
129.342576,37.232413
129.328908,37.193391
129.331159,37.190918
129.169875,37.447014
129.327001,37.187806
129.170254,37.447424
129.165862,37.449135
129.333094,37.176494
128.785518,37.942013
128.784051,37.941518
128.623955,38.078457
128.613579,38.073951
128.712894,38.025219
128.474647,37.190873
128.473433,37.184021
128.470524,37.188952
128.464394,37.190409
128.467072,37.182595
128.463821,37.190574
128.48168,37.18095
128.463795,37.182689
128.4602,37.178666
128.458054,37.177557
128.459496,37.177587
128.440863,37.182362
128.321815,37.178447
128.328814,37.234297
128.330276,37.236158
128.268448,37.268422
128.468907,37.180713
128.473558,37.184281
128.473558,37.184281
128.455277,37.178379
128.467887,37.179591
128.265844,37.27159
128.471959,37.18244
128.4706,37.1773
128.475521,37.175731
128.47598,37.17545
128.475039,37.172579
128.476504,37.172762
128.475554,37.188229
128.4777,37.1843
128.474021,37.188064
128.470521,37.188574
128.465018,37.185559
128.465866,37.17886
128.462986,37.181214
128.464355,37.182119
128.4647465,37.18292146
128.46503,37.182071
128.463091,37.181736
128.463802,37.185699
128.464461,37.186597
128.457681,37.17927
128.457511,37.179082
128.457882,37.178954
128.478486,37.18163
128.478387,37.174899
128.485359,37.183891
128.485359,37.183891
128.45538,37.169142
128.829817,37.128994
128.468613,37.180507
128.475263,37.188618
128.479539,37.171822
128.475022,37.19143
128.475263,37.188618
128.478995,37.173095
128.47494,37.190971
128.458623,37.176672
128.475347,37.19124
128.475604,37.190878
128.4751626,37.18721418
128.474592,37.187476
128.464179,37.18476
128.464327,37.184895
128.4594,37.1752
128.4592,37.1753
128.485359,37.183891
128.485359,37.183891
128.485359,37.183891
128.480196,37.183245
128.480052,37.174577
128.480511,37.174242
128.480241,37.174315
128.474399,37.176402
128.508432,37.200114
128.837296,37.138755
128.837296,37.138755
128.837296,37.138755
128.815627,37.146998
128.828062,37.128015
128.828062,37.128015
128.828062,37.128015
128.828062,37.128015
128.269791,37.271771
128.266627,37.27313
128.265205,37.269492
128.475372,37.187942
128.475372,37.187942
128.472805,37.188204
128.473075,37.188086
128.472782,37.188087
128.478107,37.175099
128.478411,37.175124
128.478726,37.175159
128.471373,37.187904
128.464464,37.164979
128.474334,37.185954
127.954298,37.343762
127.960017,37.330166
127.959689,37.330554
127.954355,37.343059
127.93571,37.343537
127.953227,37.342166
127.949012,37.350536
127.943747,37.342099
127.962247,37.338836
127.9572,37.382303
127.941462,37.334313
127.939366,37.372906
127.94675,37.340461
127.943747,37.342099
127.95746,37.381925
127.944973,37.331764
127.945576,37.340343
127.932933,37.356457
127.950235,37.378588
127.950524,37.333848
127.939047,37.347855
127.940739,37.335285
127.943155,37.333097
127.953126,37.395737
127.937647,37.362362
127.939545,37.373879
127.94372,37.332548
127.951663,37.387545
127.932188,37.357061
127.937891,37.353567
127.950035,37.339651
127.831004,37.329286
127.933805,37.366028
127.830295,37.328276
127.950956,37.32827
127.956869,37.32912
127.898893,37.352216
127.943434,37.352381
127.938462,37.373834
127.942565,37.352236
127.953094,37.3743
127.829335,37.328464
127.942289,37.343901
127.948419,37.342047
127.948924,37.380489
127.936518,37.362659
127.791804,37.291783
127.942096,37.331862
127.954774,37.340725
127.93037,37.357051
127.957691,37.411454
127.95937,37.336906
127.940098,37.345828
127.948819,37.384345
127.815136,37.302419
127.829492,37.329104
127.833198,37.321675
127.937666,37.352819
127.950061,37.36809
127.827725,37.32729
127.929574,37.351175
127.932768,37.351294
127.95383,37.334751
127.941508,37.332826
127.92885,37.352995
127.928825,37.355238
127.930793,37.351122
127.963282,37.345459
127.928216,37.343046
127.939068,37.336105
127.929987,37.35578
128.472842,37.188691
128.47281,37.18897
128.471454,37.186389
128.472592,37.184736
128.472592,37.184736
128.473569,37.186002
128.467697,37.185287
128.469439,37.184838
128.47025,37.186592
128.469684,37.186072
128.47017,37.188242
128.469009,37.188102
128.470836,37.188446
128.470241,37.188701
128.462411,37.192075
128.462116,37.191815
128.456148,37.193938
128.455834,37.194128
128.455834,37.194128
128.467735,37.186053
128.475263,37.188618
128.475263,37.188618
128.475263,37.188618
128.475263,37.188618
128.467553,37.180295
128.466641,37.180353
128.465807,37.180185
128.467404,37.179818
128.467404,37.179818
128.467709,37.179943
128.467404,37.179818
128.467404,37.179818
128.460894,37.177825
128.464987,37.182432
128.464179,37.18476
128.5707336,38.20316959
128.570744,38.202706
128.569329,38.202648
128.569875,38.201633
128.5690397,38.20296884
128.570946,38.201403
128.571106,38.201389
128.5714665,38.20179053
128.571339,38.201354
128.571425,38.201605
128.572578,38.189422
128.572314,38.189394
128.597497,38.189685
128.599967,38.187036
128.598018,38.187299
128.603878,38.172961
128.5872372,38.22317987
128.587443,38.223268
128.5872769,38.22374505
128.594164,38.214125
128.575669,38.208841
128.575432,38.208454
128.603305,38.174827
128.574519,38.201127
128.601544,38.192125
128.582794,38.202292
128.585583,38.222127
128.585583,38.222127
128.604248,38.179385
128.582794,38.202292
128.587383,38.215337
128.621681,38.078999
128.620088,38.078706
128.618027,38.078111
128.628039,38.078111
128.620659,38.079518
128.590341,38.090549
128.765562,37.958901
128.640567,38.061631
128.785211,37.941342
128.707501,38.029669
128.619381,38.077657
128.616488,38.063164
128.730862,38.017758
128.614265,38.137883
128.612021,38.075071
128.618902,38.078788
128.610694,38.076191
128.628025,38.088938
128.610679,38.071561
128.627011,38.077556
128.619185,38.078434
128.619702,38.072161
128.615461,38.074651
128.619441,38.078173
128.619009,38.078142
128.620272,38.072323
128.623786,38.074444
128.623323,38.074981
128.621729,38.078901
128.618616,38.078381
128.625105,38.079351
128.682051,38.056648
128.623559,38.077939
128.623683,38.077671
128.623983,38.077944
128.624824,38.081112
128.622559,38.079936
128.622398,38.080176
128.615214,38.075328
128.722974,38.019722
127.924359,37.351009
127.957029,37.384655
127.958728,37.313874
127.827813,37.328273
127.821998,37.315495
127.916641,37.338479
127.826518,37.317034
127.962212,37.36322
127.918832,37.337651
127.917833,37.291036
127.952209,37.328487
127.922081,37.338438
127.973248,37.344362
127.932735,37.363378
127.920097,37.336265
127.953355,37.336426
127.953557,37.338796
127.954539,37.338058
127.931586,37.335704
127.94063,37.372988
127.927742,37.33162
127.984122,37.320917
127.927224,37.329637
127.932294,37.327018
127.930726,37.363386
127.97526,37.33655
127.945777,37.407115
127.931164,37.32836
127.984652,37.323089
127.977679,37.321358
127.987922,37.335155
127.979808,37.336885
127.975411,37.321961
127.919357,37.30012
127.9239891,37.35207239
127.974983,37.320907
128.0145574,37.3265956
127.7399682,37.8630696
127.9344104,37.3525786
127.9535536,37.3315903
127.9619681,37.3615903
128.171674,38.065676
128.175045,38.069825
128.176585,38.070048
128.192456,38.076871
128.1701254,38.0673428
128.171151,38.066605
128.207291,38.127562
128.208783,38.126748
128.207104,38.125869
128.198755,38.117666
128.19824,38.116793
128.221857,38.124004
128.22187,38.124382
128.207895,38.123452
128.314714,37.946583
128.083322,37.969491
128.081622,37.966113
128.209776,38.218538
128.2067818,38.1245849
128.167449,38.067331
128.168122,38.0677
128.176267,38.07058
128.169818,38.066688
128.186307,38.083908
128.186239,38.083881
128.205302,38.126097
128.206212,38.124897
128.200217,38.118303
128.420479,38.2165076
128.200217,38.118303
128.1980073,38.1150028
128.206863,38.121337
128.22155,38.124058
128.317274,37.949306
128.081227,37.968925
128.29029,37.918922
128.25867,37.873269
128.168856,38.064599
128.177213,38.070885
128.169545,38.066671
128.169131,38.065356
128.1714,38.065758
128.170624,38.065074
128.171091,38.064902
128.170628,38.066921
128.170435,38.067066
128.17608,38.068886
128.175319,38.069698
128.167094,38.066656
128.167677,38.067106
128.1686545,38.0684493
128.204651,38.125485
128.206559,38.126707
128.206725,38.120977
128.217901,38.128155
128.204799,38.125404
128.206976,38.125067
128.20716,38.125391
128.207034,38.125211
128.157094,38.165076
128.206736,38.124707
128.157094,38.165076
128.316874,37.948884
128.318771,37.955979
128.315247,37.951519
128.315247,37.951519
128.321597,37.962152
128.210742,38.220708
128.211606,38.223337
128.6456519,37.38035066
128.6489607,37.3777734
128.6537731,37.37932376
128.6712891,37.38468604
128.6528516,37.37984248
128.6699646,37.37924197
128.6481428,37.37851679
128.8454068,37.19146289
128.8802047,37.2112677
128.8388574,37.22045312
128.8575621,37.1995935
128.8566751,37.20084346
128.858874,37.19906134
128.8293579,37.22860305
128.8390766,37.22599337
128.8248208,37.22384091
128.8248711,37.2253454
128.8262598,37.22249722
128.6745055,37.22059487
128.7776365,37.24100236
128.7861639,37.23946814
128.7392347,37.27075999
127.96441,37.322995
127.827913,37.328723
127.943005,37.352903
127.954438,37.411939
127.83219,37.318664
127.828949,37.329545
127.93209,37.352438
127.899536,37.352766
127.944625,37.344298
127.966229,37.34109
127.911902,37.279507
127.818913,37.284537
127.950968,37.379634
127.960322,37.329211
127.93279,37.352384
127.957522,37.412112
127.930216,37.352473
127.954832,37.394801
127.987492,37.343545
127.947064,37.344101
127.958024,37.362425
127.971589,37.433184
127.95944,37.33286
127.828349,37.325795
127.819338,37.313995
127.937395,37.325615
127.939709,37.325111
127.947821,37.325773
127.954623,37.385636
127.954861,37.385069
127.954228,37.385068
127.94862,37.328855
127.959706,37.361705
127.946104,37.328683
127.97966,37.339606
127.818663,37.313562
127.93736,37.354342
127.947288,37.329873
127.957844,37.381132
127.96869,37.341505
127.952598,37.320224
127.951933,37.336687
127.961173,37.362841
127.950385,37.321512
127.887522,37.332598
127.961096,37.33706
127.955596,37.382411
127.936773,37.326822
127.946975,37.341434
127.923732,37.302016
127.950115,37.320394
127.941705,37.341215
127.910371,37.27755
127.952016,37.40163
127.830131,37.325843
127.953567,37.322009
127.954515,37.321234
127.953681,37.319981
127.955912,37.324416
127.941892,37.347541
127.938186,37.324471
127.96394,37.314731
127.926135,37.335746
127.952325,37.322576
127.927151,37.311768
127.939394,37.323696
127.965608,37.317354
127.951422,37.323405
127.965665,37.316219
127.947154,37.327917
127.926577,37.333701
127.967638,37.320121
127.923066,37.335717
127.938613,37.326093
127.955864,37.349196
127.962574,37.315073
127.924283,37.337403
127.960021,37.363507
127.962079,37.313839
127.951458,37.320557
127.955859,37.319523
127.957191,37.318577
127.955883,37.375031
127.96237,37.340593
127.947479,37.33163
127.939047,37.333834
127.924906,37.334502
127.956297,37.361884
127.937418,37.325624
127.927227,37.350957
127.952975,37.329569
127.950198,37.332091
127.959806,37.323426
127.934307,37.36027
127.934983,37.361658
127.947829,37.379245
127.964865,37.338909
127.970247,37.340568
127.966479,37.338972
127.963986,37.334709
127.832509,37.322161
127.755173,37.8680732
127.7537102,37.8694433
127.7407164,37.8818832
127.7884258,37.9326219
127.7553297,37.8695188
127.7569374,37.8665695
127.7270719,37.8890269
127.7570009,37.8690348
127.74451,37.8544334
127.74083,37.8555165
127.7590344,37.8330484
127.7408999,37.8631492
127.7363901,37.8577538
127.7298409,37.858995
127.7430294,37.8550492
127.7372024,37.8626148
127.7102995,37.8430247
127.736964,37.859349
127.7419989,37.8504517
127.7117966,37.8408001
127.7394869,37.8532402
127.7272604,37.877078
127.7230936,37.9133884
127.7536444,37.854725
127.7534041,37.8542046
127.7268751,37.9016759
127.7541812,37.88028
127.7471794,37.8511098
127.7417716,37.8484869
127.7425332,37.8523441
127.7293998,37.8574766
127.7457852,37.8477676
127.7649323,37.8478759
127.7306227,37.8674241
127.7276558,37.8780529
127.7616714,37.8806261
127.7312266,37.9004866
127.7461529,37.8495642
127.7397164,37.8477418
127.7311988,37.8612137
127.7521806,37.8534307
127.7361305,37.8550195
127.7368559,37.8970998
127.7358192,37.8562766
127.7264762,37.8831815
127.7314948,37.8576382
127.7158606,37.8674876
127.7497058,37.8536796
127.7178816,37.8719083
127.7553043,37.8830188
127.7478895,37.8798243
127.7366216,37.8527518
127.7295482,37.9085847
127.7311162,37.9086424
127.7556893,37.88866
127.760077,37.8562844
127.7595116,37.8582277
127.7549835,37.8569965
127.7596949,37.8836847
127.7653593,37.8784431
127.7333843,37.859632
127.7556108,37.8800677
127.7336798,37.8618428
127.7116657,37.8434858
127.7902309,37.9323035
127.7640078,37.8809926
127.7482471,37.8580132
127.750497,37.8728165
127.7619277,37.9190871
127.7140842,37.8686411
127.7402926,37.8771804
127.7498291,37.8784067
127.7155261,37.8169923
127.7375898,37.8716313
127.7408686,37.8828032
127.7508952,37.8521242
127.7266857,37.8689386
127.741603,37.8886488
127.7569062,37.8781566
127.735692,37.8708838
127.7412565,37.884024
127.7527412,37.888334
127.7378697,37.8696515
127.7517149,37.8821553
127.7507447,37.9284854
127.7626341,37.8324826
127.7361991,37.8810385
127.6360723,37.8094897
127.7372227,37.8997739
127.5304482,37.7273444
127.7305558,37.8826953
127.7600804,37.8341894
127.7407164,37.8818832
127.6230927,37.7457114
127.7515393,37.8840128
127.7272005,37.8683388
127.7438325,37.8807553
127.7471891,37.8821952
127.7226906,37.8713503
127.7366415,37.8733349
127.74481,37.8821297
127.74481,37.8821297
127.7519085,37.8790075
127.7165957,37.8731946
127.7319687,37.8748984
127.7371352,37.8674793
127.7328232,37.8837691
127.7164365,37.8729104
127.7284997,37.86834
127.7164024,37.8755864
127.7282531,37.8871997
127.7447449,37.8818845
127.7399816,37.8790034
127.7280615,37.8675641
127.7282248,37.8676573
127.7165405,37.8730701
127.7507232,37.8795736
127.7157846,37.8757209
127.7406217,37.8812349
127.7296345,37.8822013
127.7168948,37.8755227
127.754377,37.8750383
127.7347972,37.8827059
127.7398614,37.8827911
127.7397787,37.8804572
127.7360782,37.8840323
127.7582212,37.8315888
127.7377259,37.8784479
127.7213152,37.87711
127.7395497,37.8799449
127.6359576,38.0173749
127.7409491,37.8819005
127.7308366,37.8779962
127.7347377,37.8783817
127.7321762,37.8809826
127.7421188,37.8818986
127.7248763,37.8759426
127.7279716,37.8682226
127.7434869,37.8830666
127.7526114,37.882969
127.7323866,37.8778268
127.7209413,37.8788751
127.7414764,37.8816017
127.7282546,37.8756395
127.7385257,37.881478
127.7166013,37.8776529
127.7166013,37.8776529
127.7366784,37.8824488
127.7343559,37.8830878
127.7539,37.8875615
127.7354025,37.8730149
127.7518025,37.8855154
127.7516583,37.8854754
127.724425,37.874125
127.753155,37.8873158
127.758856,37.8344491
127.7130143,37.8792642
127.7507883,37.8825183
127.7523079,37.8853254
127.758856,37.8344491
127.7594094,37.8344295
127.7537559,37.8874936
127.7823263,37.9151653
127.7415455,37.8888379
127.7590826,37.8346415
127.7536774,37.8885143
127.7593349,37.8346132
127.7600577,37.8331478
127.7417565,37.888978
127.7323451,37.8782871
127.7615934,37.8363856
127.7504671,37.9284857
127.7529487,37.8885101
127.7615072,37.8366962
127.7583592,37.8345571
127.7610875,37.8378893
127.7522575,37.8888222
127.7612186,37.880035
127.7442157,37.9270758
127.7446558,37.8783983
127.7619277,37.9190871
127.7379043,37.8791909
127.7619277,37.9190871
127.7182587,37.870059
127.7540792,37.8548192
127.7376456,37.912308
127.739767,37.8802193
127.7490239,37.8828587
127.7382253,37.8719427
127.7230204,37.8716043
127.7573001,37.8513023
127.7425973,37.8747554
127.7378394,37.8714526
127.7253934,37.8689365
127.7276895,37.8688986
127.7433068,37.8796063
127.7275756,37.8751208
127.7375991,37.872226
127.7461347,37.8840094
127.743859,37.8819691
127.7291455,37.8670152
127.7261504,37.881831
127.7219048,37.8717503
127.7139883,37.8813795
127.7122334,37.8783874
127.7334871,37.8569543
127.7273639,37.8684176
127.7508834,37.8856603
127.7370868,37.8718023
127.7373955,37.8719319
127.753765,37.8905418
127.7352472,37.882742
127.7537197,37.8898281
127.7129722,37.877827
127.7221853,37.873644
127.7328232,37.8837691
128.7235085,37.47055694
128.8487437,37.4920868
127.7261954,37.8702953
127.7471631,37.8802046
127.7495378,37.8751416
127.7409799,37.8847803
127.7372227,37.8997739
127.724137,37.8730269
127.746942,37.8768996
127.7565162,37.8754185
127.7530007,37.8804208
127.7526479,37.8825952
127.7341235,37.8772117
127.7429089,37.881567
127.7419702,37.8854388
127.7315407,37.8737919
127.7479667,37.8748536
127.7479667,37.8748536
127.7479667,37.8748536
127.7315407,37.8737919
127.7509681,37.873484
127.6500689,37.7892039
127.7423222,37.8878106
127.7509139,37.8813256
127.7458219,37.8870479
127.7487076,37.854492
127.752796,37.8817945
127.7145245,37.8700045
127.7389648,37.8643361
127.750038,37.8528955
127.7136092,37.8803451
127.7382315,37.8791725
127.7334544,37.8644742
127.744813,37.8855482
127.7384349,37.8621608
127.7578073,37.8737434
127.7448623,37.8570696
127.7591849,37.8762169
127.7194807,37.8902308
127.7504142,37.8518682
127.7246195,37.8847783
127.7133932,37.8694954
127.7171794,37.8658977
127.7380261,37.8507084
127.7237819,37.9263917
127.737274,37.8491699
127.7563398,37.8716969
127.7521037,37.8509437
127.7259209,37.8572505
127.7306978,37.8989555
127.7563398,37.8716969
127.7314127,37.8708497
127.7574319,37.8727948
127.7517236,37.8853152
127.7164853,37.8666998
127.7277605,37.8576332
127.7247411,37.8582209
127.7322498,37.898331
128.1856479,37.4923919
127.7467644,37.8564737
127.7234052,37.8577564
127.7222361,37.8585817
127.7149503,37.8674412
127.7419654,37.8760119
127.7540042,37.8812032
127.749994,37.8736676
127.7532315,37.8708822
127.7802499,37.9123962
127.7286127,37.8787435
127.7263688,37.8664321
127.7484622,37.9263362
127.7374692,37.870066
127.7409133,37.8826761
128.34247,37.60067
128.321743,37.587158
128.326353,37.584856
128.317316,37.587296
128.317316,37.587296
128.317316,37.587296
128.317316,37.587296
128.317316,37.587296
128.317316,37.587296
128.296673,37.589774
128.385028,37.591735
128.385028,37.591735
128.385028,37.591735
128.350719,37.623451
128.565365,37.647983
128.663405,37.670268
128.562657,37.637444
128.563381,37.637306
128.563135,37.636253
128.563135,37.636253
128.563135,37.636253
128.563135,37.636253
128.563135,37.636253
128.563135,37.636253
128.563135,37.636253
128.563135,37.636253
128.563135,37.636253
128.563135,37.636253
128.563135,37.636253
128.603972,37.700944
128.560778,37.643707
128.560851,37.642949
128.560851,37.642949
128.559752,37.63999
128.559107,37.640038
128.559107,37.640038
128.556305,37.638024
128.554551,37.635356
128.554551,37.635356
128.554343,37.636267
128.555127,37.638093
128.559107,37.640038
128.692935,37.698319
128.692935,37.698319
128.692935,37.698319
128.692935,37.698319
128.693107,37.702247
128.699974,37.664272
128.699974,37.664272
128.699974,37.664272
128.699974,37.664272
128.699974,37.664272
128.699974,37.664272
128.699974,37.664272
128.699974,37.664272
128.699974,37.664272
128.682596,37.656625
128.682589,37.655796
128.680706,37.656852
128.680706,37.656852
128.677034,37.660631
128.666718,37.669259
128.666718,37.669259
128.664597,37.664099
128.664597,37.664099
128.664224,37.660325
128.652919,37.630014
128.652919,37.630014
128.652919,37.630014
128.677034,37.660631
128.742141,37.687234
128.742141,37.687234
128.742141,37.687234
128.708707,37.668401
128.708707,37.668401
128.708707,37.668401
128.713379,37.66858
128.713379,37.66858
128.713379,37.66858
128.716873,37.668847
128.713378,37.670851
128.713378,37.670851
128.713378,37.670851
128.712015,37.670553
128.712468,37.670568
128.712468,37.670568
128.711755,37.669446
128.711755,37.669446
128.713434,37.671932
128.713434,37.671932
128.713434,37.671932
128.715241,37.674849
128.713144,37.673654
128.715241,37.674849
128.715307,37.672281
128.71596,37.672935
128.71596,37.672935
128.71596,37.672935
128.71596,37.672935
128.71596,37.672935
128.711271,37.674549
128.709143,37.67011
128.709987,37.664762
128.710416,37.664588
128.702712,37.675798
128.703934,37.673097
128.701344,37.673761
128.700158,37.676652
128.700435,37.675938
128.700435,37.675938
128.700435,37.675938
128.700435,37.675938
128.700435,37.675938
128.700435,37.675938
128.700435,37.675938
128.700435,37.675938
128.701394,37.681438
128.701394,37.681438
128.701486,37.675562
128.701486,37.675562
128.700537,37.673505
128.720969,37.705567
128.720969,37.705567
128.720969,37.705567
128.379125,37.613244
128.379125,37.613244
128.389209,37.358864
128.310194,37.590018
128.456111,37.497554
128.45945,37.496127
128.361077,37.412902
128.361077,37.412902
128.385028,37.591735
127.7382957,37.8796655
127.7382957,37.8796655
127.7382957,37.8796655
127.7382957,37.8796655
127.7244638,37.8737845
127.7634229,37.8786023
127.7669745,37.8780994
127.7845441,37.9346475
127.7850521,37.9348359
127.7513202,37.8852612
127.7512458,37.8854142
127.7850521,37.9348359
127.7513718,37.8851279
127.7842849,37.9342182
127.7842849,37.9342182
127.7839703,37.9336238
127.5303597,37.7987872
127.7328025,37.877243
127.7592542,37.8335741
127.7366545,37.8696812
127.740963,37.8724038
127.5364744,37.7912498
127.7839744,37.9338022
127.7267731,37.8817916
127.7425469,37.8755257
127.7847171,37.9322962
127.783851,37.9343534
127.6414852,37.7892339
127.6450148,37.7961943
127.7842219,37.9339776
127.78343,37.9088043
127.7833061,37.9083869
127.7680525,37.8888634
127.7823607,37.9154609
127.7616564,37.8475197
127.7378697,37.8696515
127.735692,37.8708838
127.7446558,37.8783983
128.402115,37.367967
128.403517,37.36834
128.403429,37.368746
128.403968,37.370285
128.403968,37.370285
128.40169,37.368626
128.397918,37.366296
128.401447,37.367609
128.399289,37.367228
128.399289,37.367228
128.395362,37.371882
128.395362,37.371882
128.390834,37.369608
128.390834,37.369608
128.390834,37.369608
128.391042,37.36831
128.391072,37.367661
128.380953,37.366964
128.392005,37.368911
128.395151,37.368324
128.391515,37.363848
128.391515,37.363848
128.38844,37.358533
128.38844,37.358533
128.388977,37.359874
128.405926,37.394185
128.361077,37.412902
128.499264,37.338779
128.379125,37.613244
128.376206,37.618498
128.369236,37.610861
128.365001,37.557783
128.365001,37.557783
128.364936,37.558333
128.358238,37.563697
128.358238,37.563697
128.382973,37.597193
128.382973,37.597193
128.382746,37.597113
128.375856,37.602902
128.375856,37.602902
128.375856,37.602902
128.458308,37.509215
128.45532,37.495836
128.455002,37.49755
128.455002,37.49755
128.453175,37.500152
128.456537,37.500697
128.456537,37.500697
128.456537,37.500697
128.456246,37.501122
128.456246,37.501122
128.340953,37.556143
128.340953,37.556143
128.340953,37.556143
128.340953,37.556143
128.327492,37.560533
128.319269,37.593814
128.318932,37.594374
128.318009,37.59571
128.318009,37.59571
128.318009,37.59571
128.318009,37.59571
128.34247,37.60067
128.34247,37.60067
128.34247,37.60067
128.34247,37.60067
128.390164,37.368836
128.403301,37.367972
128.664597,37.664099
128.664597,37.664099
128.664597,37.664099
128.664597,37.664099
128.664597,37.664099
128.664597,37.664099
128.664597,37.664099
128.664597,37.664099
128.664597,37.664099
128.664597,37.664099
128.400435,37.368387
128.555823,37.63881
128.393781,37.369608
128.354378,37.556464
128.396219,37.36732
128.354378,37.556464
128.354378,37.556464
128.501448,37.341347
128.379125,37.613244
128.3377465,37.5786872
128.3382218,37.5783921
128.3211385,37.5960737
128.3972353,37.4328294
128.4561467,37.4996644
128.4561467,37.4996644
128.4561467,37.4996644
127.9906964,37.3328941
128.7115996,37.6681206
127.88276,37.693764
127.876519,37.689667
127.882683,37.685556
127.892879,37.698829
127.886511,37.695345
127.891159,37.696034
127.89221,37.69899
127.894099,37.694307
127.875839,37.689657
127.769872,37.614864
127.884488,37.698334
127.874107,37.680987
127.896398,37.696408
127.885371,37.699299
127.89684,37.696625
127.874551,37.680024
127.899398,37.691698
127.884249,37.698974
127.854966,37.671261
127.85171,37.672843
127.901041,37.69242
127.8802626,37.69185362
127.8806951,37.69199815
127.884643,37.69364
127.887103,37.69412
127.904486,37.694333
127.884793,37.68453
127.883783,37.685007
127.884892,37.693712
127.888205,37.692427
127.884098,37.694252
127.896907,37.69694
127.896579,37.696913
127.891992,37.692485
127.877834,37.69002
127.878985,37.686417
127.987638,37.487756
127.981983,37.490522
127.982174,37.495388
127.990283,37.494361
127.982502,37.494928
127.992386,37.493208
127.981033,37.491044
128.217067,37.514905
128.214347,37.513171
127.9904684,37.49465004
127.983463,37.495316
127.982323,37.486882
127.986992,37.493848
127.9823398,37.47974735
128.209864,37.511981
127.984662,37.494938
127.9820206,37.48645685
127.994196,37.490235
127.980547,37.488665
128.216534,37.510752
127.995598,37.491388
127.985251,37.489432
127.989334,37.487045
127.989334,37.487045
127.989334,37.487045
127.982676,37.476798
127.982005,37.490846
127.9805861,37.49124032
127.9908061,37.49076943
127.991278,37.494938
127.99164,37.494812
128.065072,37.458093
128.209656,37.514612
128.270907,37.525787
128.270264,37.526374
127.982606,37.486062
127.988074,37.48833806
128.065694,37.458336
127.984064,37.487792
127.9914894,37.49113129
127.984279,37.488026
127.982797,37.490855
127.987457,37.487504
127.987264,37.488009
127.982141,37.491874
127.9846516,37.4898154
127.981101,37.491387
127.982717,37.492865
127.979713,37.476996
127.989424,37.489216
128.154381,37.457731
127.981824,37.491008
127.990917,37.489009
127.987898,37.487486
127.988281,37.494668
127.981328,37.487377
128.064441,37.460545
127.992118,37.463382
127.981181,37.487494
127.9842387,37.47971713
127.982108,37.488756
127.991233,37.494668
127.982357,37.485683
128.2140886,37.5131411
127.984179,37.479907
127.97899,37.476555
128.15698,37.408627
128.15698,37.408627
128.156553,37.40952
127.990814,37.498723
128.235698,37.489847
127.990622,37.49829
127.990814,37.499164
128.270765,37.527238
127.976624,37.486061
127.982424,37.488035
128.25152,37.493617
128.239492,37.495263
128.210977,37.517448
128.211134,37.517214
128.05788,37.468811
127.99043,37.488874
127.982963,37.48728151
127.9952392,37.4899185
127.880727,37.688824
127.901664,37.693259
127.903182,37.693873
127.875735,37.683818
127.876338,37.682413
128.389481,37.767876
127.9020401,37.69785513
127.704184,38.109918
127.709019,38.104118
127.517417,38.072504
127.711726,38.114112
127.707319,38.112049
127.701544,38.094215
127.7026107,38.09488192
127.705954,38.110546
127.702895,38.104453
127.702928,38.117983
127.700211,38.092402
127.703109,38.104097
127.709397,38.106574
127.705746,38.110756
127.702962,38.105643
127.707058,38.108651
127.790914,38.054873
127.520095,38.073313
127.708087,38.104758
127.708479,38.106748
127.706398,38.110437
127.763919,38.096765
127.702606,38.105029
127.708307,38.108121
128.5668218,37.6480222
127.991244,37.493749
127.982039,37.491225
127.981723,37.490594
128.45945,37.496127
128.296673,37.589774
128.453272,37.490014
128.662528,37.670976
128.71253,37.669847
128.560127,37.632519
128.710494,37.678635
128.710494,37.678635
128.710494,37.678635
128.310194,37.590018
128.389209,37.358864
128.389209,37.358864
128.310194,37.590018
128.310194,37.590018
128.310194,37.590018
128.392005,37.368911
128.361077,37.412902
128.340953,37.556143
128.563381,37.637306
128.45532,37.495836
128.563135,37.636253
128.663405,37.670268
128.663405,37.670268
128.663405,37.670268
128.663405,37.670268
128.663405,37.670268
128.403968,37.370285
128.40169,37.368626
128.385028,37.591735
128.715307,37.672281
128.71596,37.672935
128.709143,37.67011
128.392048,37.366424
128.388407,37.358794
128.663116,37.66062
128.662212,37.660958
128.390281,37.367475
128.457038,37.499344
128.445915,37.549774
128.555823,37.63881
128.555823,37.63881
128.385028,37.591735
128.45502,37.600911
128.560851,37.642949
128.554551,37.635356
128.380895,37.613969
128.701486,37.675562
128.555596,37.638676
128.562532,37.644924
128.562532,37.644924
128.562532,37.644924
128.358238,37.563697
128.358238,37.563697
128.397274,37.36628
128.558357,37.638267
128.558357,37.638267
128.559107,37.640038
128.389518,37.368387
128.559107,37.640038
128.559107,37.640038
128.562532,37.644924
128.562532,37.644924
128.664597,37.664099
128.664597,37.664099
128.664597,37.664099
128.664597,37.664099
128.664597,37.664099
